	bert-base-uncased	roberta-base
0	0.6142309797482212	0.6510673234811167
1	0.5093869731800766	0.5991889336716923
2	0.5325944170771757	0.7239737274220035
3	0.6626809971637558	0.6598543219232874
4	0.6137110016420361	0.6984948002189383
