	precision	recall	f1-score	support
0	0.9869358669833729	0.9845971563981043	0.9857651245551602	844.0
1	0.8059701492537313	0.8307692307692308	0.8181818181818182	65.0
accuracy	0.9735973597359736	0.9735973597359736	0.9735973597359736	0.9735973597359736
macro avg	0.8964530081185521	0.9076831935836676	0.9019734713684893	909.0
weighted avg	0.9739955241314183	0.9735973597359736	0.9737817198089916	909.0
