	precision	recall	f1-score	support
0	0.9903846153846154	0.976303317535545	0.9832935560859187	844.0
1	0.7402597402597403	0.8769230769230769	0.8028169014084509	65.0
accuracy	0.9691969196919692	0.9691969196919692	0.9691969196919692	0.9691969196919692
macro avg	0.8653221778221778	0.926613197229311	0.8930552287471848	909.0
weighted avg	0.9724988982414724	0.9691969196919692	0.9703881847393452	909.0
