	precision	recall	f1-score	support
0	0.9811320754716981	0.985781990521327	0.983451536643026	844.0
1	0.8032786885245902	0.7538461538461538	0.7777777777777778	65.0
accuracy	0.9691969196919692	0.9691969196919692	0.9691969196919692	0.9691969196919692
macro avg	0.8922053819981441	0.8698140721837404	0.8806146572104019	909.0
weighted avg	0.9684142865260853	0.9691969196919692	0.9687443921697134	909.0
