	precision	recall	f1-score	support
0	0.9890909090909091	0.966824644549763	0.9778310365488317	844.0
1	0.6666666666666666	0.8615384615384616	0.7516778523489933	65.0
accuracy	0.9592959295929593	0.9592959295929593	0.9592959295929593	0.9592959295929593
macro avg	0.8278787878787879	0.9141815530441123	0.8647544444489126	909.0
weighted avg	0.9660352701936862	0.9592959295929593	0.9616594667215606	909.0
