	precision	recall	f1-score	support
0	0.9809976247030879	0.9786729857819905	0.9798339264531435	844.0
1	0.7313432835820896	0.7538461538461538	0.7424242424242424	65.0
accuracy	0.9625962596259626	0.9625962596259626	0.9625962596259626	0.9625962596259626
macro avg	0.8561704541425887	0.8662595698140722	0.861129084438693	909.0
weighted avg	0.9631455541058768	0.9625962596259626	0.9628574363960714	909.0
