	dev_accuracy	dev_f1	dev_precision	dev_recall
0	0.948856100795756	0.5703886152162015	0.6114942528735633	0.6252873563218391
1				
2				
3				
4				
5				
6				
7				
8				
9				
