	precision	recall	f1-score	support
0	0.96875	0.9917061611374408	0.9800936768149883	844.0
1	0.8444444444444444	0.5846153846153846	0.6909090909090909	65.0
accuracy	0.9625962596259626	0.9625962596259626	0.9625962596259626	0.9625962596259626
macro avg	0.9065972222222223	0.7881607728764127	0.8355013838620395	909.0
weighted avg	0.9598612639041683	0.9625962596259626	0.9594149110461397	909.0
