	dev_accuracy	dev_f1	dev_precision	dev_recall
0	0.9568965517241379	0.5941707717569787	0.6896551724137931	0.574712643678161
1				
2				
3				
4				
5				
6				
7				
8				
9				
