	precision	recall	f1-score	support
0	0.972027972027972	0.9881516587677726	0.9800235017626322	844.0
1	0.803921568627451	0.6307692307692307	0.7068965517241379	65.0
accuracy	0.9625962596259626	0.9625962596259626	0.9625962596259626	0.9625962596259626
macro avg	0.8879747703277114	0.8094604447685017	0.843460026743385	909.0
weighted avg	0.9600071621038423	0.9625962596259626	0.9604929717818818	909.0
