	precision	recall	f1-score	support
0	0.9856801909307876	0.9786729857819905	0.9821640903686087	844.0
1	0.7464788732394366	0.8153846153846154	0.7794117647058824	65.0
accuracy	0.966996699669967	0.966996699669967	0.966996699669967	0.966996699669967
macro avg	0.8660795320851121	0.8970288005833029	0.8807879275372456	909.0
weighted avg	0.9685755862553884	0.966996699669967	0.9676658492596129	909.0
