	precision	recall	f1-score	support
0	0.9892601431980907	0.9822274881516587	0.985731272294887	844.0
1	0.7887323943661971	0.8615384615384616	0.8235294117647058	65.0
accuracy	0.9735973597359736	0.9735973597359736	0.9735973597359736	0.9735973597359736
macro avg	0.888996268782144	0.9218829748450601	0.9046303420297964	909.0
weighted avg	0.9749209752398145	0.9735973597359736	0.9741326794076902	909.0
