	bert-large-uncased	roberta-large
0	0.6666666666666666	0.7567567567567568
1	0.75	0.7402597402597403
2	0.6506024096385542	0.8
