	bert-large-uncased	roberta-large
0	0.7516778523489933	0.8057553956834532
1	0.7441860465116279	0.8028169014084509
2	0.7297297297297298	0.8000000000000002
