	bert-large-uncased	roberta-large
0	0.9592959295929593	0.9702970297029703
1	0.9636963696369637	0.9691969196919692
2	0.9559955995599559	0.9713971397139713
