	bert-large-uncased	roberta-large
0	0.8615384615384616	0.8615384615384616
1	0.7384615384615385	0.8769230769230769
2	0.8307692307692308	0.8
