	precision	recall	f1-score	support
0	0.9709639953542393	0.990521327014218	0.9806451612903226	844.0
1	0.8333333333333334	0.6153846153846154	0.7079646017699115	65.0
accuracy	0.9636963696369637	0.9636963696369637	0.9636963696369637	0.9636963696369637
macro avg	0.9021486643437864	0.8029529711994168	0.8443048815301171	909.0
weighted avg	0.9611224188620953	0.9636963696369637	0.9611465514236266	909.0
