	precision	recall	f1-score	support
0	0.9798816568047337	0.981042654028436	0.980461811722913	844.0
1	0.75	0.7384615384615385	0.7441860465116279	65.0
accuracy	0.9636963696369637	0.9636963696369637	0.9636963696369637	0.9636963696369637
macro avg	0.8649408284023669	0.8597520962449873	0.8623239291172704	909.0
weighted avg	0.9634434745249673	0.9636963696369637	0.9635664049696309	909.0
