	precision	recall	f1-score	support
0	0.9718969555035128	0.9834123222748815	0.977620730270907	844.0
1	0.7454545454545455	0.6307692307692307	0.6833333333333332	65.0
accuracy	0.9581958195819582	0.9581958195819582	0.9581958195819582	0.9581958195819582
macro avg	0.8586757504790292	0.8070907765220561	0.8304770318021202	909.0
weighted avg	0.9557047039598573	0.9581958195819582	0.9565770770245458	909.0
