	bert-base-uncased	roberta-base
0	0.5703886152162015	0.5941707717569787
1		
2		
3		
4		
