	bert-base-uncased	roberta-base
0	0.5982758620689654	0.7028735632183908
1	0.5109195402298851	0.6022988505747127
2	0.5235632183908046	0.7385057471264368
3	0.6662561576354681	0.6502463054187192
4	0.5804597701149425	0.7545977011494253
