	bert-base-uncased	roberta-base
0	0.948856100795756	0.9568965517241379
1		
2		
3		
4		
