	bert-base-uncased	roberta-base
0	0.6114942528735633	0.6896551724137931
1		
2		
3		
4		
