	bert-base-uncased	roberta-base
0	0.6810344827586207	0.6729885057471265
1	0.5603448275862069	0.6413793103448276
2	0.6005747126436781	0.7517241379310345
3	0.7183908045977012	0.731609195402299
4	0.7068965517241379	0.6827586206896552
