	precision	recall	f1-score	support
0	0.9766081871345029	0.9893364928909952	0.9829311359623308	844.0
1	0.8333333333333334	0.6923076923076923	0.7563025210084034	65.0
accuracy	0.9680968096809681	0.9680968096809681	0.9680968096809681	0.9680968096809681
macro avg	0.9049707602339181	0.8408220925993437	0.8696168284853671	909.0
weighted avg	0.9663630105700628	0.9680968096809681	0.9667255694364725	909.0
