	precision	recall	f1-score	support
0	0.9716312056737588	0.9739336492890995	0.9727810650887574	844.0
1	0.6507936507936508	0.6307692307692307	0.640625	65.0
accuracy	0.9493949394939494	0.9493949394939494	0.9493949394939494	0.9493949394939494
macro avg	0.8112124282337048	0.8023514400291651	0.8067030325443787	909.0
weighted avg	0.948689026281892	0.9493949394939494	0.9490295312815306	909.0
