	precision	recall	f1-score	support
0	0.9904534606205251	0.9834123222748815	0.9869203329369798	844.0
1	0.8028169014084507	0.8769230769230769	0.8382352941176471	65.0
accuracy	0.9757975797579758	0.9757975797579758	0.9757975797579758	0.9757975797579758
macro avg	0.8966351810144879	0.9301676995989792	0.9125778135273135	909.0
weighted avg	0.9770361049012899	0.9757975797579758	0.9762882894570495	909.0
