	precision	recall	f1-score	support
0	0.986682808716707	0.9656398104265402	0.9760479041916167	844.0
1	0.6506024096385542	0.8307692307692308	0.7297297297297298	65.0
accuracy	0.9559955995599559	0.9559955995599559	0.9559955995599559	0.9559955995599559
macro avg	0.8186426091776307	0.8982045205978855	0.8528888169606732	909.0
weighted avg	0.9626506569674442	0.9559955995599559	0.9584343933665093	909.0
