	bert-large-uncased	roberta-large
f1	0.7714285714285715	0.8382352941176471
accuracy	0.9647964796479648	0.9757975797579758
precision	0.72	0.8028169014084507
recall	0.8307692307692308	0.8769230769230769
