	precision	recall	f1-score	support
0	0.9742388758782201	0.985781990521327	0.9799764428739693	844.0
1	0.7818181818181819	0.6615384615384615	0.7166666666666666	65.0
accuracy	0.9625962596259626	0.9625962596259626	0.9625962596259626	0.9625962596259626
macro avg	0.878028528848201	0.8236602260298942	0.848321554770318	909.0
weighted avg	0.9604794203073703	0.9625962596259626	0.9611479110219621	909.0
