	precision	recall	f1-score	support
0	0.9798578199052133	0.9798578199052133	0.9798578199052133	844.0
1	0.7384615384615385	0.7384615384615385	0.7384615384615385	65.0
accuracy	0.9625962596259626	0.9625962596259626	0.9625962596259626	0.9625962596259626
macro avg	0.8591596791833759	0.8591596791833759	0.8591596791833759	909.0
weighted avg	0.9625962596259626	0.9625962596259626	0.9625962596259626	909.0
